{
  "schemaVersion": 1,
  "id": "example-addon",
  "version": "1.0.0",

  "name": "Example Addon",
  "description": "An addon template for the Meteor Addon API.",
  "authors": [
    "seasnail8169"
  ],
  "contact": {
    "issues": "https://github.com/MeteorDevelopment/meteor-addon-template/issues",
    "sources": "https://github.com/MeteorDevelopment/meteor-addon-template/",
    "discord": "https://meteorclient.com/discord"
  },

  "license": "GPL-3.0",
  "icon": "assets/example/icon.png",

  "environment": "client",
  "entrypoints": {
    "meteor": [
      "bananaplusdevelopment.addons.example.AddModule"
    ]
  },
  "mixins": [
    "example.mixins.json"
  ],
  "depends": {
    "fabricloader": ">=0.7.4",
    "fabric": "*",
    "minecraft": "1.16.x",
    "meteor-client": "*"
  }
}
